Name, Email, Phone

"24 Hour Dental",,(646) 797-2073
"24 Hour Dental",,(646) 797-2073
"Astoria Dental Group PC",drdegel@smiledr.com,(347) 694-4134
"Weekends & Holidays - 24 Hour Dentist",,(732) 616-2383
"65 Broadway Dental",,(212) 430-3888
"Growing Smiles Pediatric Dentistry - Eytan Chen, DMD",info@growingsmilesnj.com,(201) 371-5250
"Great Smiles of NY",greatsmilesofny@gmail.com,(718) 717-8490
"Smile Experts",ny1dentalpc@gmail.com,(212) 804-0500
"Landress George L. DDS, MAGD.",,(888) 287-1671
"Haber Sol D",,(718) 855-6700
"72nd Street Dental",,(888) 351-9504
"Greene Street Dental",nessiragsd@gmail.com,(347) 632-0357
"The Brand Wellness Center: Dr. Idelle Brand",branddds@gmail.com,(646) 808-0309
"Edgewater Pediatric Dentistry - Dr. Rosalie Nguyen",rosadmd2002@yahoo.com,(201) 313-5437
"Dental Handpiece USA",leanne@dentalequipmentdel.com,(855) 347-8721
"Dental Equipment Liquidators Inc",leanne@dentalequipmentdel.com,(877) 289-3368
"Weekends & Holidays - 24 Hour Dentist",,(732) 616-2383
"Sleep Disorders InstituteMENU",info@sleepny.com,(212) 994-5100
"MedRite Urgent Care",,(888) 767-1749
"Manhattan Wellness Group",,(888) 521-4760
"Regional Radiology",tdolan@regionalradiology.com,(888) 600-3391
"Raphael Kellman MD - Thyroid Specialist",,(212) 717-1118
"Raphael Kellman, M.D. - Auto Immune Discorders",,(212) 717-1118
"A Call Away Foot Care",Pimborno@Aol.Com,(347) 523-5697
"Nektalov Family Chiropractic",DrKhaimov@paincenterny.com,(347) 783-6567
"Island Nephrology Services, PC",dominic470@aol.com,(718) 395-9238
"Emergency Medical Care (24x7) Downtown",info@emcny.com,(347) 329-5406
"Laser Spine Institute",,(866) 382-7494
"Pain Center NY",drkhaimov@paincenterny.com,(646) 808-0299
"Haber Sol D",,(718) 855-6700
"Emergency Medical Care (24X7) - Midtown",info@emcny.com,(347) 650-3184
"Dr. Frank Colabella, D.P.M.",,(917) 633-5430
"Advanced Podiatry - Glenn A Davison DPM",,(646) 626-4885
"Dr. Donna Hartmann, D.P.M.",,(646) 626-4970
"Dr. Frank Colabella, D.P.M.",,(646) 626-5335
"Dr. Siri Smith D.C.",,(917) 789-8608
"Dr. Miguel Cunha, D.P.M",,(646) 626-5311
"Family Foot Care - Medicaid Not Accepted",,(914) 627-9570
"Family Foot Care - Medicaid Not Accepted",jlandman88@gmail.com,(917) 979-2862
"Dr. Steve Landman & Associates",,(917) 426-9780
"Gramercy Park Podiatry",johnjdoolan@yahoo.com,(646) 626-7896
"JCohen Chiropractic",,(917) 722-1505
"Jamaica Foot Care",,(718) 283-4960
"Midtown Podiatry",,(917) 382-2581
"Medifit Chiropractic at Jamaica Hospital",,(516) 247-9062
"Law Office of Richard Kenny",,(888) 280-7738
"The Law Offices of Ira S. Newman",inewman@mindspring.com,(888) 979-5071
"DeSena & Kafer",,(212) 233-7744
"Getz & Braverman P.C.",getzandbraverman@aol.com,(866) 912-3551
"Prime Case Funding - Lawsuit Cash Advance Loans",lgoldenberg@primecasefunding.com,
"Nancy E Lucianna, P.C.",nlucianna@msn.com,(201) 228-9866
"Sackstein, Sackstein & Lee, LLP",eblpartner@aol.com,(888) 519-6400
"Jonathan D'Agostino & Associates, P.C.",daginjury@aol.com,(347) 706-4561
"24/7 Legal",,(888) 659-7710
"Lonnie Hart Esq",lhartlaw@verizon.net,(347) 497-6178
"The Mandel Law Firm",accidents@mandellawfirm.com,(917) 675-4027
"The Reibstein Law Group, PLLC",ZPR@reibsteinlaw.com,(347) 960-5102
"Phillips & Associates",info@tpglaws.com,(646) 808-0314
"Greenberg Law Firm",,(347) 834-8150
"Geanine Towers P.C.",geaninetowers@verizon.net,(718) 759-1000
"Joseph A Ledwidge Attorney At Law",joseph@ledwidge1.com,(855) 353-7720
"Richardson Legal PLLC",info@richardsonlegalpllc.com,(212) 537-6744
"The Mandel Law Firm",info@mandellawfirm.com,(917) 512-4343
"Divorce299.com",info@299divorce.com,(212) 359-9352
"Jeffrey Shaw, Attorney at Law",jeffreyshawesq@gmail.com,(212) 349-5506
"Leo V Duval Attorney At Law",lvduvalesq@yahoo.com,(718) 608-0200
"Law Office of Alex Klein",,(347) 741-8415
"Klee & Woolf LLP",,(718) 229-9002
"Bill Gordon & Associates - Social Security Disability Attorneys",Attorney@BillGordon.com,(800) 305-7063
"Early, Lucarelli, Sweeney & Meisenkothen, L.L.C.",,(888) 280-8075
"Mr Gym",,(212) 835-0759
"M Gym",,(212) 327-2170
"Empower Fitness",,(212) 691-5905
"New York Sport Club",,(212) 780-7407
"New York Kk Gym",,(212) 239-8619
"Ilovekickboxing.com-43rd St",,(212) 867-6978
"the Sports Club La",,(917) 286-9700
"New York Health & Racquet Club",,(212) 989-2300
"Beneficial Fitness",,(212) 532-1383
"Female Awareness - Self Defense Course",gabrielle@femaleawareness.com,(646) 717-0017
"Edge",,(646) 863-7859
"Iron & Silk Personal Fitness",,(347) 242-5950
"Rolates Inc",,(212) 247-9603
"The Sports Center at Chelsea Piers",sportscenter@chelseapiers.com,(212) 336-6000
